{
    "Waist": {
        "C1": [
            4.898552668754944e-17,
            -0.6829004287719727,
            0.019247889518737794,
            1,
            0,
            0,
            0,
            1,
            0,
            0,
            0,
            1
        ],
        "C0": [
            4.898552668754944e-17,
            0.07541477680206299,
            -0.020128488540649415,
            1,
            0,
            0,
            0,
            1,
            0,
            0,
            0,
            1
        ]
    },
    "Neck": {
        "C1": [
            0,
            -0.5,
            0,
            1,
            0,
            0,
            0,
            1,
            0,
            0,
            0,
            1
        ],
        "C0": [
            2.4492934404725399e-16,
            0.9971024394035339,
            0.019247889518737794,
            1,
            0,
            0,
            0,
            1,
            0,
            0,
            0,
            1
        ]
    },
    "LeftShoulder": {
        "C1": [
            0.23164671659469605,
            0.3556295335292816,
            -0.0746387243270874,
            1,
            0,
            0,
            0,
            1,
            0,
            0,
            0,
            1
        ],
        "C0": [
            -0.9160260558128357,
            0.3333095908164978,
            0.019247889518737794,
            1,
            0,
            0,
            0,
            1,
            0,
            0,
            0,
            1
        ]
    },
    "LeftWrist": {
        "C1": [
            0.04403650760650635,
            0.2452803999185562,
            0.1241263747215271,
            1,
            0,
            0,
            0,
            1,
            0,
            0,
            0,
            1
        ],
        "C0": [
            -0.06857585906982422,
            -0.4730016589164734,
            -0.20414161682128907,
            1,
            0,
            0,
            0,
            1,
            0,
            0,
            0,
            1
        ]
    },
    "Root": {
        "C1": [
            0,
            -0.3445822298526764,
            -0.020128488540649415,
            1,
            0,
            0,
            0,
            1,
            0,
            0,
            0,
            1
        ],
        "C0": [
            0,
            -1.0499999523162842,
            0,
            1,
            0,
            0,
            0,
            1,
            0,
            0,
            0,
            1
        ]
    },
    "RightHip": {
        "C1": [
            0.10961800813674927,
            0.45742282271385195,
            -0.010273355059325695,
            1,
            0,
            0,
            0,
            1,
            0,
            0,
            0,
            1
        ],
        "C0": [
            0.5,
            -0.3445822298526764,
            -0.02014760859310627,
            1,
            0,
            0,
            0,
            1,
            0,
            0,
            0,
            1
        ]
    },
    "RightElbow": {
        "C1": [
            -0.1397026777267456,
            0.3099701702594757,
            0.0008615255355834961,
            1,
            0,
            0,
            0,
            1,
            0,
            0,
            0,
            1
        ],
        "C0": [
            0.10622882843017578,
            -0.25127050280570986,
            -0.0746389627456665,
            1,
            0,
            0,
            0,
            1,
            0,
            0,
            0,
            1
        ]
    },
    "RightKnee": {
        "C1": [
            0.07992947101593018,
            0.2977004647254944,
            -0.010231594555079937,
            1,
            0,
            0,
            0,
            1,
            0,
            0,
            0,
            1
        ],
        "C0": [
            0.10961800813674927,
            -0.5488470792770386,
            -0.010273377411067486,
            1,
            0,
            0,
            0,
            1,
            0,
            0,
            0,
            1
        ]
    },
    "LeftAnkle": {
        "C1": [
            -0.07992887496948242,
            0.06422509998083115,
            0.18442071974277497,
            1,
            0,
            0,
            0,
            1,
            0,
            0,
            0,
            1
        ],
        "C0": [
            -0.07992950081825257,
            -0.29918161034584048,
            -0.010282551869750023,
            1,
            0,
            0,
            0,
            1,
            0,
            0,
            0,
            1
        ]
    },
    "LeftKnee": {
        "C1": [
            -0.07992950081825257,
            0.29756203293800356,
            -0.01027975045144558,
            1,
            0,
            0,
            0,
            1,
            0,
            0,
            0,
            1
        ],
        "C0": [
            -0.10961800813674927,
            -0.5489853024482727,
            -0.010279333218932152,
            1,
            0,
            0,
            0,
            1,
            0,
            0,
            0,
            1
        ]
    },
    "RightAnkle": {
        "C1": [
            0.07992884516716004,
            0.06423673778772354,
            0.18451127409934998,
            1,
            0,
            0,
            0,
            1,
            0,
            0,
            0,
            1
        ],
        "C0": [
            0.07992953062057495,
            -0.29918137192726138,
            -0.010219660587608815,
            1,
            0,
            0,
            0,
            1,
            0,
            0,
            0,
            1
        ]
    },
    "RightShoulder": {
        "C1": [
            -0.23177111148834229,
            0.35562941431999209,
            -0.0746389627456665,
            1,
            0,
            0,
            0,
            1,
            0,
            0,
            0,
            1
        ],
        "C0": [
            0.9160000085830689,
            0.33330947160720827,
            0.019247889518737794,
            1,
            0,
            0,
            0,
            1,
            0,
            0,
            0,
            1
        ]
    },
    "Handle": {
        "C1": [
            0,
            0,
            0,
            1,
            0,
            0,
            0,
            1,
            0,
            0,
            0,
            1
        ],
        "C0": [
            -0.04431509971618652,
            -0.04379770904779434,
            -0.04754513502120972,
            1,
            0,
            -0,
            0,
            0,
            1,
            0,
            -1,
            0
        ]
    },
    "RightWrist": {
        "C1": [
            -0.04431486129760742,
            0.24495218694210053,
            0.12412619590759278,
            1,
            0,
            0,
            0,
            1,
            0,
            0,
            0,
            1
        ],
        "C0": [
            0.0682973861694336,
            -0.4733297824859619,
            -0.20414185523986817,
            1,
            0,
            0,
            0,
            1,
            0,
            0,
            0,
            1
        ]
    },